Name,Location,Year,Kilometers_Driven,Fuel_Type,Transmission,Owner_Type,Mileage,Engine,Power,Seats,Price
16,4,2014,40929,0,1,0,32.26,998,58.2,4,25.33766384
16,3,2013,54493,3,1,2,24.7,796,47.3,5,17.7276305
26,9,2017,34000,1,1,0,13.68,2393,147.8,7,34449325.32
26,5,2012,139000,1,1,0,23.59,1364,110.3804201,5,81.18723516
9,9,2014,29000,3,1,0,18.5,1197,82.85,5,96.90523294
15,3,2016,85609,1,1,2,16,2179,140,7,273483.4381
26,10,2015,59000,1,0,0,12.55,2982,168.7,7,171483908.8
9,6,2013,65000,3,1,0,21.1,814,55.2,5,15.77685067
8,9,2011,66000,3,1,2,17,1497,118,5,37.66752112
15,3,2015,54684,1,1,0,15.1,2179,140,7,37948.0595
0,9,2012,78000,1,0,2,12.8,1968,167.6,5,136386045.5
9,6,2016,21000,3,1,0,18.9,1197,82,5,73.44048894
26,2,2007,90000,3,1,3,13.4,1794,125,5,18.12506924
16,3,2008,87628,1,1,0,17.8,1248,75,5,26.24854159
20,9,2014,45000,3,1,0,13.24,1598,102.5,5,79.55981887
1,3,2013,30788,1,0,0,17.05,1995,184,5,884028622.9
1,5,2015,39524,1,0,0,19.59,1995,184,5,8.99253E+13
6,2,2009,140000,1,1,0,13.8,1399,68,5,9.339794556
16,7,2019,15409,3,0,0,22,1197,81.8,5,2621.805958
16,6,2015,36502,3,1,0,17.5,1298,85.8,5,244.4271103
16,10,2016,200000,1,1,0,23.2,1248,73.94,5,131.9535741
20,4,2010,70000,3,1,0,18.06,1198,75,5,20.45590717
16,7,2017,36701,3,1,0,24.7,796,47.3,5,20.84561031
24,1,2009,72000,3,1,2,17.5,1593.584967,110.3804201,5.284546198,15.11902095
8,1,2011,40000,3,1,2,15.5,1799,132,5,153.470015
6,10,2005,47000,3,1,2,13.8,1299,70,5,1.770422955
16,10,2006,93500,3,1,2,19.7,796,46.3,5,3.258853532
8,10,2015,52000,1,1,0,27.3,1498,98.6,5,532.7886638
24,4,2015,55429,1,0,2,21.66,1498,103.52,5,2267.785624
9,9,2011,133000,3,1,2,17,1197,80,5,20.62824285
26,2,2014,70000,1,1,2,23.59,1364,67.06,5,133.4241366
27,10,2014,68000,1,1,0,15.11,1598,103.6,5,117.5103146
9,10,2010,71000,3,1,2,19.81,1086,68.05,5,7.20710301
19,2,2012,121000,1,1,0,10.5,2835,107.2,6,19109.62993
16,8,2015,107000,1,1,0,23.4,1248,74,5,53.98167786
16,2,2015,51000,3,1,0,19.1,1197,85.8,5,145.4962748
24,9,2017,13500,3,0,0,14.84,1598,103.52,5,6265.667543
9,1,2016,13000,3,1,0,15.29,1591,121.3,5,153582.5504
26,10,2010,81000,1,1,0,12.8,2494,102,8,98.98298285
1,9,2012,66889,1,0,0,22.48,1995,190,5,5553838.232
16,0,2018,32000,1,1,0,27.39,1248,74,5,1743.110565
0,10,2013,87001,1,0,0,17.11,1968,174.33,5,6622608.271
0,5,2013,55000,1,0,2,16.55,1968,140,5,108146785.9
24,6,2018,4000,3,1,0,15.41,1598,103.52,5,10720.43192
16,7,2017,27778,1,1,0,24.52,1248,88.5,7,9709.858778
16,9,2017,5000,3,1,0,20.73,1373,91.1,5,4132.99694
16,10,2014,72000,3,1,0,20.73,1373,91.1,5,511.8585109
17,2,2015,21000,1,0,0,20,2143,136,5,7262572921
26,7,2015,59299,1,1,0,12.99,2494,100.6,7,112757.0893
1,0,2014,75000,1,0,0,18.88,1995,184,5,145400126.5
16,7,2019,3413,3,1,0,24.7,796,47.3,5,59.46108893
6,9,2014,62000,1,1,0,22.7,1498,89.84,5,509.3006184
6,9,2010,105001,1,0,0,11.4,2953,153.86,7,187.8588669
0,9,2013,89000,1,0,0,14.16,1968,174.3,5,1620499058
9,9,2014,21000,3,1,0,17.01,1591,121.3,5,310.064411
15,8,2014,50000,1,1,0,15.1,2179,140,7,3614.552651
16,5,2016,70687,1,1,0,24.3,1248,88.5,5,3086.138842
26,10,2016,104350,1,1,0,23.59,1364,67.04,5,185.7928035
25,2,2011,150000,1,1,2,19.09,1396,69,5,26.66035056
8,4,2008,81000,3,1,0,17.7,1497,78,5,17.46727044
26,8,2008,89000,3,1,2,14.53,1798,138.1,5,22.40617789
9,7,2017,35223,3,1,0,18.9,1197,82,5,404.4509887
9,8,2015,48000,3,1,0,18.6,1197,81.83,5,105.1655852
27,4,2015,60000,1,1,0,20.14,1498,88.8,5,94.87066083
16,9,2018,7000,3,1,0,23,998,67,5,57.4399657
3,7,2015,47572,3,1,0,18.2,1199,82.5,5,135.3193098
15,4,2010,72727,1,1,2,15.4,2179,120,8,58.02729712
27,9,2018,4708,1,1,0,21.66,1498,108.62,5,17412.48178
16,4,2009,55000,3,1,2,18.9,998,67.1,5,7.917360547
8,3,2013,44198,3,1,2,18.4,1198,86.8,5,78.0436317
16,0,2015,35000,3,1,0,16.02,1373,93.7,7,1325.103206
9,0,2013,63831,3,1,0,0,1086,62,5,18.20172272
6,4,2017,17540,3,1,0,18.16,1196,86.8,5,433.4148704
25,9,2017,14000,3,0,0,23.84,1199,84,5,302.3842033
9,1,2007,47000,3,1,2,0,1086,110.3804201,5,4.233079922
3,2,2010,75422,3,1,2,18.6,1199,79.4,5,7.044591482
20,5,2011,67000,1,1,2,23.08,1461,63.1,5,14.14999194
26,4,2013,79999,1,1,0,12.99,2494,100,8,5170.923766
9,8,2017,5044,3,1,0,20.14,1197,81.86,5,276.2722845
16,8,2016,31601,3,1,0,20.73,1373,91.1,5,786.6076029
1,4,2014,70000,1,0,0,18.12,1995,190,5,9599722223
26,0,2016,16000,3,0,0,19.16,2487,175.67,5,38618605304
26,9,2016,31700,1,1,0,21.43,1364,87.2,5,1625.197912
9,7,2014,76969,1,1,0,22.32,1582,126.32,5,394.8360063
27,8,2015,37000,1,0,0,21.21,1498,103.2,5,545.7545602
20,9,2014,23000,3,0,0,11.07,2496,179.5,5,4551647.35
9,3,2014,59098,3,1,2,17,1197,80,5,159.7740559
25,7,2010,142299,3,1,0,13.07,1368,88.76,5,6.814648615
6,6,2011,75731,1,1,0,20,1399,68,5,17.15598031
9,3,2017,69627,3,1,0,18.6,1197,81.83,5,1338.430764
6,9,2011,49000,3,1,0,15.3,1596,99.6,5,22.59417831
17,9,2015,25700,3,0,0,11.9,1595,120.7,5,750878.1507
9,4,2012,80800,3,1,0,18.5,1197,82.85,5,27.6169729
16,5,2013,110896,1,1,0,23.4,1248,74,5,277.6621176
9,8,2009,62261,3,1,0,17.92,1086,62.1,5,3.928329072
16,7,2017,27610,3,1,0,21.4,1197,83.1,5,879.0687241
8,7,2011,89219,3,1,0,10.2,2354,180,5,99.98782853
20,5,2018,6700,3,0,0,19.34,1198,75.94,5,1260.428389
16,10,2011,51599,3,1,0,19,998,67.1,5,9.880802523
9,8,2013,37489,1,1,0,22.7,1582,126.24,5,572.6388402
25,9,2016,98000,1,1,0,17.5,1396,70,5,51.45732595
25,5,2012,25183,3,1,0,26,624,35,4,8.052129193
1,1,2015,52100,1,0,2,18.12,1995,190,5,1.92477E+14
8,10,2014,60000,1,1,0,25.8,1498,98.6,5,78.0436317
27,8,2013,51000,1,1,0,22.07,1199,73.9,5,17.95371586
25,9,2012,70000,1,1,0,22.3,1248,74,5,18.20172272
0,6,2015,95000,1,1,0,17.32,1968,138.13,5,10320.66125
8,6,2014,66346,1,1,0,26,1498,98.6,5,356.0943384
8,5,2015,69150,1,1,0,25.8,1498,98.6,5,261.1717963
9,1,2016,31000,3,1,0,18.6,1197,81.83,5,800.1113891
1,1,2013,49000,1,0,2,18.12,1995,190,5,5753073092
8,7,2014,63058,3,1,0,19.4,1198,86.8,5,55.82634281
17,4,2016,22000,1,0,0,19.71,2143,201.15,5,3.89935E+14
27,3,2015,73026,3,1,0,16.47,1198,74,5,307.8945634
9,3,2011,21762,3,0,2,19.2,1197,80,5,46.94238608
9,3,2018,29738,3,1,0,17.01,1591,121.3,5,300437.9948
9,9,2018,16053,3,1,0,18.6,1197,81.83,5,597.2447792
1,7,2012,61665,1,0,0,16.73,2993,218,5,18647911632
16,4,2015,51000,1,1,0,19.3,1248,73.9,5,138.3515671
8,1,2016,34820,1,1,0,21.9,1498,98.6,7,13574.20166
16,9,2018,12000,3,1,0,17.5,1373,91.1,7,6417.88689
16,5,2017,32287,1,1,0,26.59,1248,74,5,705.9783195
26,6,2012,121134,1,1,0,23.59,1364,110.3804201,5,83.01539031
1,3,2015,74485,1,0,0,16.09,1995,184,5,1532245279
3,2,2011,63000,1,1,0,25.44,936,57.6,5,5.924044055
0,3,2018,53190,1,0,0,18.51,1968,147.51,5,1.88998E+11
17,1,2016,26900,1,0,0,12,2987,224,7,1.36E+17
1,5,2015,40000,1,0,0,19.59,1995,184,5,8.99253E+13
9,3,2016,40587,3,1,0,18.9,1197,82,5,316.0311392
9,5,2015,27000,3,1,0,18.9,1197,82,5,166.8381295
26,3,2016,29108,1,1,0,23.59,1364,67.04,5,519.6093748
4,9,2015,18000,3,1,0,19.83,1198,67,5,23.36140213
16,8,2017,10500,3,1,0,20.89,1197,81.8,5,232.9248711
16,2,2009,60000,3,1,3,19,998,66.1,5,7.971025544
8,10,2011,61000,3,0,3,13.9,1799,130.3,5,101.6166294
16,8,2017,5000,3,1,0,22.74,796,47.3,5,16.72542412
12,10,2018,24001,1,0,0,13.6,1999,177,5,1.22E+19
9,5,2011,76000,1,1,0,23,1396,90,5,38.36983839
6,5,2014,56000,3,1,0,18.88,999,123.24,5,415.5472914
15,9,2016,30000,3,1,0,18.15,1198,82,5,175.2670192
16,5,2017,44263,1,1,0,24.3,1248,88.5,5,8369.760336
6,5,2011,97899,1,1,0,20,1399,68,5,22.66506713
27,6,2011,157301,1,1,2,20.54,1598,103.6,5,38.05613616
6,6,2008,135000,1,1,0,17.8,1399,110.3804201,5,4.206979827
5,10,2016,35000,3,1,2,14.4,1368,88.8,5,241.4995852
8,10,2009,106000,3,1,0,13.5,1799,130,5,17.82150314
8,8,2016,121590,1,1,0,18,2000,148,5,242800.6175
16,4,2012,64692,3,1,0,22.5,998,67.04,5,12.85990307
9,9,2010,41000,3,1,0,20.36,1197,78.9,5,6.814648615
27,3,2018,25143,1,0,0,22,1498,108.495,5,24784.15093
27,0,2011,51000,1,1,0,20.54,1598,103.6,5,47.42421507
9,10,2005,109000,1,1,2,13.1,1493,82,5,1.50929039
6,7,2015,69062,1,1,0,22.7,1498,89.84,5,552.9087711
12,7,2015,34386,1,0,0,16.36,2179,187.7,5,4.73302E+11
16,4,2016,20185,3,1,0,21.4,1197,83.1,5,387.3861202
9,5,2013,41585,1,1,0,24,1120,70,5,47.61829984
9,8,2011,24000,3,1,0,21.1,814,55.2,5,6.932751905
17,1,2016,40000,1,0,0,15,2143,204,5,1.05107E+14
17,1,2012,37000,1,0,0,0,2987,165,5,2466337268
6,2,2015,67630,1,1,0,23,1498,98.96,5,345.1942383
16,3,2016,24192,3,0,0,23.1,998,67.04,5,84.19987784
16,5,2017,32248,1,1,0,24.3,1248,88.5,5,8909.627995
15,9,2013,28000,1,1,0,13,2179,120,8,2851.639543
9,7,2018,36471,3,0,0,14.8,1591,121.3,5,277894.3825
8,7,2015,69689,3,1,0,17.3,1497,117.3,7,270.2389048
17,7,2015,69095,1,0,0,11.3,2987,254.8,7,7.73E+20
9,8,2010,46000,3,1,0,18.5,1197,80,5,6.591278329
17,9,2008,65000,3,0,3,10.13,3498,364.9,5,9739.035097
27,2,2015,119258,1,1,0,20.64,1498,108.5,5,2669.443921
17,1,2015,38339,1,0,0,13,2143,201.1,5,1.37515E+11
26,9,2012,59503,3,1,0,16.78,1496,88.73,5,22.85514697
25,2,2010,93600,1,1,3,17,1405,71,5,13.43996919
27,3,2011,58865,3,1,0,14.3,1798,160,5,264.0716058
16,3,2012,64631,3,1,0,19.7,796,46.3,5,13.59968568
24,10,2007,124298,1,1,2,17,1896,105,5,10.06735739
16,6,2003,50000,3,1,2,18.9,998,67.1,5,1.874848566
20,8,2013,40001,1,1,0,21.64,1461,84.8,5,76.63357491
8,1,2015,62659,3,1,0,19.4,1198,86.8,5,94.29715909
9,7,2014,68138,3,1,0,20.36,1197,78.9,5,49.70375647
17,9,2014,34000,1,0,0,15.26,2143,203.2,5,4912260205
27,9,2013,67000,3,1,0,15.04,1598,103.6,5,65.22115673
8,4,2015,64141,1,1,0,24.2,1498,98.6,7,299.36548
16,8,2019,1000,3,1,0,24.7,796,47.3,5,63.39268244
17,9,2013,42000,1,0,0,13,2143,201.1,5,9735063513
8,3,2009,76677,3,1,3,16.9,1497,100,5,16.76091044
0,7,2013,66848,1,0,0,11.8,2967,246.7,5,8.07057E+15
9,0,2007,78000,3,1,0,0,1086,62,5,4.28567325
16,4,2010,111166,1,1,0,19.3,1248,73.9,5,41.02788529
9,2,2007,76000,1,1,0,18.1,1493,110,5,11.85843479
0,3,2012,94049,1,0,0,12.8,1968,167.6,5,816061272.4
1,0,2014,47000,1,0,0,17.05,1995,184,5,65152727201
25,2,2006,140000,1,1,2,13.5,1405,110.3804201,5,4.349483424
25,4,2015,20047,3,1,0,23.9,624,37.48,4,10.3135373
1,2,2017,16000,1,0,0,16.77,2993,261.49,5,2.34E+23
8,2,2012,27000,3,1,0,18.5,1198,86.8,5,35.08942911
16,9,2018,1001,3,1,0,24.7,796,47.3,5,57.55696259
9,8,2010,89312,3,1,0,17,1197,80,5,15.39538676
7,10,1996,65000,1,1,2,14.1,1995,110.3804201,5,10.24585931
23,10,2012,93000,1,1,2,19.01,1461,108.45,5,42.16370586
16,8,2013,48000,1,1,0,23.4,1248,74,5,31.72044134
16,3,2014,64917,1,1,0,28.4,1248,73.75,5,155.178565
8,6,2017,19678,3,1,0,17.8,1497,117.3,5,12099.47516
12,8,2014,12000,1,0,0,14.74,2993,270.9,5,2.91E+18
1,4,2014,41309,1,0,0,18.88,1995,184,5,64698250635
1,3,2018,25038,1,0,0,21.76,1995,190,5,1.54685E+15
3,3,2016,68673,1,1,0,25.44,936,56.3,5,32.41483623
17,3,2018,26343,1,0,0,19.27,2143,167.62,5,8.73038E+14
16,1,2005,81245,3,1,1,16.8,796,34.2,8,2.728477599
20,4,2012,62100,1,1,0,23.08,1461,63.1,5,28.99407913
27,10,2013,104000,3,1,0,15.04,1598,103.6,5,72.77353036
0,3,2014,114831,1,0,0,17.68,1968,174.33,5,550864818.3
5,9,2010,46000,3,1,0,14.6,1368,88.7,5,4.419480705
9,6,2014,80000,1,1,0,22.32,1582,126.32,5,769.4694466
9,8,2016,9201,3,1,0,17.19,1197,81.86,5,283.8606177
8,7,2013,55311,3,1,0,19.4,1198,86.8,5,32.51523126
8,3,2015,58217,1,1,0,24.5,1498,98.6,7,444.8577701
19,4,2013,70655,1,1,0,13.5,2477,175.56,7,2301334.121
9,8,2015,46000,3,1,0,20.36,1197,78.9,5,36.37492406
25,10,2014,125000,1,1,0,21.02,1248,88.8,5,194.9775281
23,9,2014,59000,1,1,0,19.01,1461,108.45,5,172.2958068
9,9,2013,66000,1,0,2,22,1582,126.2,5,449.3387152
16,5,2009,82242,1,1,0,21.1,1248,73.9,5,24.02812018
26,5,2012,107281,1,1,0,12.8,2494,102,8,7576.965205
25,2,2015,196000,1,1,2,12.2,1948,68,10,7839.046152
0,0,2015,75000,1,0,0,15.17,1968,181,5,17094113475
5,8,2011,11791,3,1,0,16.2,1172,68,5,6.352203028
9,0,2013,46000,3,1,0,16.3,1797,147.5,5,5842.002089
27,10,2011,81000,1,1,2,22.07,1199,73.9,5,13.77593731
26,3,2015,46950,3,1,0,17.71,1197,78.8,5,197.3434254
9,2,2017,18000,3,1,0,18.9,1197,82,5,546.8491635
15,3,2016,95942,1,1,0,15.4,2179,120,7,131793.6094
16,7,2016,42925,3,1,0,20.73,1373,91.1,5,2114.401695
6,5,2014,33750,3,1,0,15.6,1196,70.02,5,51.24791574
18,9,2016,14000,3,0,0,13.6,1598,181,4,27234632.18
9,1,2015,29000,1,1,0,19.67,1582,126.2,5,382696.4469
15,7,2015,67365,1,1,0,15.1,2179,140,7,10025.63168
15,3,2014,67791,1,1,0,15.1,2179,140,7,5936.242031
15,5,2016,20000,1,1,0,16.55,2498,105,6,1573793.279
16,6,2011,90198,1,1,2,19.3,1248,73.9,5,39.36649059
9,10,2010,77000,3,1,0,19.81,1086,68.05,5,6.199416636
16,7,2017,42520,3,1,0,20.73,1373,91.1,5,5053.327065
16,6,2009,87829,2,1,0,17.3,1061,57.5,5,3.104155512
16,0,2017,21701,3,0,0,21.4,1197,83.1,5,2270.055545
16,3,2008,86033,3,1,0,19.7,796,46.3,5,3.632052155
9,9,2015,25000,3,1,0,19.1,1197,81.86,5,91.94426385
26,8,2011,45000,1,1,0,21.43,1364,87.2,5,7.705891671
27,3,2018,22987,3,1,0,16.47,1198,73.9,5,2049.83027
9,6,2009,48725,3,1,0,19.81,1086,68.05,5,7.81099171
9,5,2013,42500,3,1,0,18.9,1197,81.86,5,44.87865609
9,9,2014,35000,3,0,0,17.1,1591,121.4,5,475.7536975
6,1,2014,56000,1,1,2,17.8,1399,68,5,53.16310732
25,5,2014,10000,1,1,0,13.49,2179,138.03,5,1229353.755
16,9,2010,15669,3,1,0,20.92,998,67.1,5,12.14445504
0,7,2016,55331,1,0,0,17.68,1968,174.33,5,2.43508E+12
23,10,2015,44535,1,1,0,20.46,1461,83.8,5,760.2790658
15,4,2012,74000,1,1,0,16.55,2498,105,7,620.4155371
26,4,2014,77901,1,1,0,12.99,2494,100.6,7,73790.5865
16,8,2010,58186,3,1,0,17.5,1298,85.8,5,15.86094499
3,9,2010,30000,3,1,0,14.2,1598,102,5,4.545573267
26,1,2012,90000,1,1,0,23.59,1364,110.3804201,5,172.9903782
12,3,2018,14730,3,0,0,13.5,1999,246.74,5,9.35E+22
16,6,2013,40000,3,1,2,19.7,796,46.3,5,8.440415556
3,2,2007,88107,3,1,2,15.26,1150,74.9,5,4.338795149
27,4,2012,53226,1,1,2,20.64,1498,108.5,5,151.9330127
16,5,2013,76000,1,1,0,25.2,1248,74,5,207.3043018
26,5,2008,200000,1,1,2,12.8,2494,102,8,467.7173868
17,5,2013,73000,1,0,0,14.21,2143,203,5,615533542.5
9,6,2009,77200,3,1,2,13.2,1495,94,5,9.074424655
0,4,2012,67000,1,0,2,15.2,1968,140.8,5,28637.2925
3,5,2005,150000,1,1,2,14.8,2499,80,10,46.22861694
15,6,2009,145278,1,1,2,11.68,2498,112,8,296.6743191
9,2,2015,62083,1,1,0,21.19,1396,88.76,5,310.375631
8,10,2010,61696,3,1,0,13.5,1799,130,5,16.9035676
6,0,2017,28000,1,1,0,23,1498,98.96,5,18843.94524
17,3,2013,50142,1,0,0,14.84,2143,170,5,6576411.882
24,9,2014,45000,3,0,0,13.7,1798,157.75,5,124242.6704
24,10,2014,97513,1,1,0,21.14,1498,103.52,5,194.9775281
17,9,2011,55000,3,0,2,12.3,1796,185,5,186277.8456
16,5,2004,82000,3,1,2,16.1,796,37,4,2.264151985
16,4,2013,71501,1,1,0,22.9,1248,74,5,22.95075866
8,5,2017,23000,1,1,0,21.9,1498,98.6,7,12886.33081
0,7,2015,66095,1,0,0,17.68,1968,174.33,5,788781571.9
26,9,2014,49500,1,1,0,11.5,2982,171,7,91513768.02
26,2,2009,90000,3,1,0,13.4,2362,164.7,5,180.6351491
16,9,2017,25384,3,1,0,20.89,1197,81.8,5,333.2870316
9,4,2016,27529,3,1,2,17.01,1591,121.3,5,1178.681776
8,7,2012,69297,3,1,0,16.8,1497,116.3,5,79.64041898
8,5,2009,66000,3,1,0,17,1497,118,5,25.5757727
15,5,2012,20000,1,1,0,21.03,1461,65,5,22.61778429
17,2,2015,67000,1,0,0,11.3,2987,254.8,7,1.05E+22
9,3,2015,36933,3,1,0,21.1,814,55.2,5,31.95028795
26,9,2007,194000,1,1,0,12.99,2494,100.6,8,238.8467074
16,8,2013,42200,1,1,0,20.77,1248,88.76,7,617.9348396
0,3,2015,53093,1,0,2,12.07,2967,241.4,7,1.80E+19
8,10,2012,88000,3,1,3,17,1497,118,5,56.16832579
16,7,2017,42954,3,1,0,24.07,998,67.1,5,32.44826778
25,2,2015,106000,1,1,0,25,1396,69,5,46.22861694
1,7,2015,41700,1,0,0,18.12,1995,190,5,1.06563E+11
17,3,2018,34464,1,0,0,19.27,2143,170,5,2.48882E+14
3,0,2010,15000,3,1,0,17.8,1199,76.8,5,7.584858397
16,10,2010,70000,3,1,2,19,998,67.1,5,8.025013499
15,5,2017,119256,1,1,0,16,2179,140,7,3843906.556
8,3,2011,50036,3,1,0,17,1497,118,5,58.50140942
26,0,2013,58000,1,1,0,12.99,2494,100.6,7,3346.603514
9,10,2011,75000,3,1,0,18.5,1197,80,5,20.93316774
16,5,2013,53313,3,1,0,20.92,998,67.1,5,16.23599621
26,8,2015,73000,1,1,0,12.99,2494,100.6,8,222569.6815
20,7,2013,83989,1,1,0,23.08,1461,63.1,5,37.28277285
9,2,2015,86247,1,1,0,19.67,1582,126.2,5,18305.29008
26,9,2016,24000,1,1,0,12.99,2494,100.6,8,263022.8522
17,5,2010,58000,1,0,0,14.21,2143,203,5,5000256.655
9,8,2015,33000,3,1,0,18.6,1197,81.83,5,117.2735309
8,5,2005,100000,3,0,0,11.1,2354,142,5,47.42421507
26,5,2017,65896,1,1,0,13.68,2393,147.8,7,19638450.23
9,2,2016,120000,1,1,0,22.54,1396,88.73,5,895.0533916
15,9,2013,26000,1,1,0,20.8,1461,64.1,5,23.90329191
16,2,2012,62300,3,1,2,15.1,1196,73,5,30.00039666
26,7,2012,77801,3,1,0,14.28,1798,138.03,5,445.7503779
26,9,2015,42000,3,0,0,14.28,1798,138.03,5,110967.3162
17,1,2013,35000,3,0,2,15.5,1595,120.7,5,17447.34359
9,8,2016,30134,1,1,0,22.54,1396,88.73,5,429.0923702
8,4,2012,79038,3,1,0,12.8,2354,177.6,5,8069.73633
8,9,2009,80000,3,0,2,11.7,2354,177.6,5,198.9365368
15,5,2012,75000,1,1,0,15.96,2523,62.1,7,362.2168359
16,1,2010,80000,1,1,0,21.1,1248,73.9,5,24.79033992
24,4,2014,84419,3,0,0,13.7,1798,157.75,5,24464.02927
8,8,2013,70200,3,1,0,18,1198,86.7,5,17.41502057
27,2,2013,98000,3,1,2,15.04,1598,103.6,5,110.1632676
16,2,2016,131503,1,1,0,23.2,1248,73.94,5,107.0938682
8,6,2011,54652,3,1,0,17,1497,118,5,73.88847449
27,9,2010,92000,3,1,2,14,1595,102,5,6.908989311
6,8,2010,44287,3,1,0,15.6,1196,70,5,5.81414092
26,10,2015,205000,1,1,0,12.99,2494,100.6,7,200786.0153
9,5,2015,48000,3,1,0,18.6,1197,81.86,5,190.3300601
15,9,2016,18000,1,1,0,25.32,1198,77,6,201.3502284
2,1,2008,31200,3,0,2,10.2,5998,616,5,22708383262
8,10,2009,72000,3,1,0,17,1497,118,5,21.33153935
9,9,2009,85000,3,1,0,18.5,1197,80,5,13.16819976
8,8,2010,27000,3,1,0,17,1497,118,5,20.82377561
26,9,2012,126000,1,1,0,14.24,2755,174.5,7,451349.7354
25,10,2017,50000,1,1,0,17.88,1405,48.21,5,36.00303736
8,9,2013,58811,3,1,2,18,1198,86.7,5,36.54974798
27,10,2013,52196,1,1,0,22.07,1199,73.9,5,35.05335772
20,3,2017,45105,3,1,0,19.69,1198,67.04,5,91.38826792
9,5,2015,25160,3,1,2,18.9,1197,82,5,155.4912347
25,5,2017,18000,3,1,0,20.3,1199,84,5,268.8860951
8,1,2007,74000,3,1,0,11.9,2354,144,5,53.8718244
15,2,2009,67700,1,1,0,14,2498,112,7,72.99518326
14,7,2015,61062,1,0,0,12.39,2179,147.51,5,213895897.7
26,8,2016,105000,1,1,0,12.99,2494,100.6,7,122760.6562
25,10,2013,155550,1,1,0,25,1396,69.01,5,29.72264485
16,4,2016,66000,1,1,0,24.3,1248,88.5,5,2125.00519
8,7,2012,93884,3,1,2,17,1497,118,5,117.2735309
5,9,2009,200000,1,1,0,20.4,1248,91.7,5,11.17031756
25,8,2016,57200,3,1,0,23.84,1199,84,5,114.5842845
27,5,2013,93568,1,1,0,22.07,1199,73.9,5,69.80998345
16,8,2014,54000,3,1,0,20.51,998,67.04,5,13.13989168
9,1,2016,40571,1,0,0,17.01,1582,126.2,5,241348.1695
0,5,2015,59000,1,0,0,18.25,1968,187.74,5,1.04958E+13
1,3,2017,17273,1,0,0,20.68,1995,190,5,1.02E+16
6,9,2011,100077,1,0,2,11.4,2953,153.86,7,1215.824651
9,7,2011,39934,3,0,0,19.2,1197,80,5,27.67426412
16,1,2016,46000,1,1,0,24.3,1248,88.5,5,3176.976651
8,3,2016,30842,3,1,0,17,1497,118,5,2803.554551
17,9,2005,65000,3,0,2,11.7,1796,178,5,46582.42173
28,1,2016,70000,1,1,0,11.1,2400,200,7,44200414330
26,2,2011,150152,1,1,2,11.5,2982,171,7,143342.6252
20,3,2009,67038,3,0,0,9.1,2349,110.3804201,5,22560.49565
9,1,2011,43985,0,1,0,11.88,1086,62.1,5,12.27655901
1,3,2014,58598,1,0,0,11.2,2993,241,4,2.20E+16
25,10,2016,100000,1,1,0,25,1396,69.01,5,37.66752112
0,6,2016,35000,1,0,0,14.16,1968,174.3,5,8.46038E+13
9,10,2008,84500,3,1,0,20.36,1197,78.9,5,6.286330074
16,8,2018,18006,3,1,0,21.4,1197,83.1,5,395.6284705
16,5,2013,99000,1,1,0,28.4,1248,74,5,204.4083605
16,4,2014,51200,3,1,0,15.1,1196,73,5,39.44730436
26,10,2014,130000,1,0,0,11,2982,170.3,7,18274184.62
9,0,2017,25000,1,0,0,16.38,1995,182.46,5,7.71675E+13
16,7,2017,32352,3,1,0,21.4,1197,83.1,5,663.4768239
9,1,2011,20000,3,1,0,20.36,1197,78.9,5,37.20628382
0,1,2013,46000,1,0,2,16.55,1968,147.51,5,14274709.03
16,9,2018,12500,3,0,0,22,1197,81.8,5,678.9369002
26,4,2011,53138,1,1,3,12.8,2494,102,8,1095.633158
16,10,2013,170000,1,1,2,23.4,1248,74,5,25.97741407
16,8,2012,38583,1,1,0,22.9,1248,74,5,23.77908622
16,5,2016,26000,3,0,0,22.5,998,67,5,100.4940321
9,3,2017,22865,3,1,0,15.29,1591,121.3,5,403930.2624
24,8,2013,45000,1,1,0,17.5,1896,106,5,221.5162205
16,7,2017,62889,3,1,0,20.4,1197,81.8,5,286.4359348
16,10,2013,153000,3,1,0,16.8,796,34.2,5,6.242742985
16,0,2016,67000,1,1,0,28.4,1248,74,5,484.4129636
8,9,2014,39000,3,0,0,15.5,1198,86.7,5,84.02964837
26,2,2006,164000,3,1,2,13.4,1794,125,5,16.61939
16,3,2018,57178,1,1,0,19.3,1248,73.9,5,919.5764041
0,4,2013,40000,1,0,0,17.68,1968,174.33,5,803108192.9
3,9,2007,40000,3,1,0,18,995,62,5,1.710139203
9,9,2007,89564,1,1,3,18.1,1493,110,5,4.743104972
16,4,2012,66727,3,1,0,16.02,1373,93.7,7,208.5578846
0,9,2013,75000,1,0,2,15.73,1968,174.33,5,42499377.06
3,3,2017,31056,1,0,0,14.81,1998,163.7,5,1174372735
27,10,2011,61000,3,1,0,15.04,1598,103.6,5,29.26524426
9,7,2016,34782,3,0,0,16.9,1197,82,5,557.3578137
9,3,2012,31736,3,1,0,20.36,1197,78.9,5,41.94842598
20,10,2014,75000,1,1,0,19.64,1461,108.5,5,613.0031141
15,9,2014,15000,1,1,0,16.55,2498,105,6,349758.1312
6,3,2016,38503,1,1,0,22.7,1498,89.84,5,2658.78348
8,3,2017,45353,1,1,0,21.9,1498,98.6,7,30729.16425
14,5,2015,30000,1,0,0,12.7,2179,187.7,5,3.04594E+14
26,10,2011,69470,3,1,2,17.6,1496,88.73,5,24.63606118
20,2,2008,63288,3,0,0,9.1,2349,110.3804201,5,5936.242031
27,3,2017,25087,3,1,0,16.47,1198,74,5,1414.163003
26,5,2015,134000,1,1,0,12.8,2494,102,7,944110.9224
3,3,2015,54955,1,0,3,14.81,1998,163.7,5,25335.46649
9,9,2017,28000,1,1,0,22,1582,126.2,5,198390.9702
8,0,2015,45250,1,1,0,25.8,1498,98.6,5,274.3381559
14,7,2012,89190,1,0,2,11.4,2993,245.41,7,57038938320
8,3,2017,48184,1,1,0,26,1498,98.6,5,6360.376095
16,8,2015,42125,1,1,0,26.59,1248,74,5,174.2125836
20,3,2017,47052,3,0,0,19.15,1198,75.94,5,405.6691681
9,9,2011,67000,3,1,2,20.36,1197,78.9,5,13.13989168
9,1,2011,43189,3,1,0,0,999,110.3804201,5,22.1964674
16,10,2015,174889,1,1,0,26.59,1248,74,5,43.79067632
16,10,2004,72135,3,1,0,19.7,796,46.3,5,1.651167211
16,4,2017,17660,1,1,0,24.3,1248,88.5,5,7823.381729
8,10,2009,120000,3,0,0,11.7,2354,177.6,5,1010.308181
3,10,2010,29629,3,1,0,18.6,1199,76.8,5,5.019474722
16,3,2016,69564,1,1,0,17.8,1248,110.3804201,5,1369.594683
17,7,2017,34848,1,0,0,17.9,2143,170,5,3.57235E+15
15,8,2013,61000,1,1,0,14,2498,112,8,936.2968115
4,9,2015,21000,3,1,0,19.83,1198,67,7,24.48270534
12,7,2015,27912,1,0,0,16.36,2179,187.7,5,3.29882E+11
16,7,2013,62909,1,1,0,21.5,1248,88.8,5,64.03983966
16,7,2018,33140,3,1,0,23.1,998,67.04,5,158.1743273
27,5,2014,75000,1,0,0,21.21,1498,103.2,5,1315.852897
6,7,2017,25571,1,1,0,22.77,1498,98.59,5,3196.101829
9,2,2002,120000,3,1,1,0,999,110.3804201,5,2.514861071
16,8,2016,12020,1,1,0,20.77,1248,88.76,7,566.9310384
8,9,2014,36665,3,0,0,16.5,1198,86.8,5,74.48998512
19,3,2018,41502,1,0,0,13.5,2477,175.56,7,8.17417E+12
17,10,2011,130000,1,0,0,14.21,2143,203,5,2497996.578
16,1,2017,51000,1,1,0,25.2,1248,74,5,397.616579
9,10,2008,103000,3,1,2,13.2,1495,94,5,5.719407628
0,4,2012,70000,1,0,0,16.55,1968,147.51,5,159531.0306
8,4,2010,56239,3,1,2,17,1497,118,5,29.87664275
1,0,2016,40000,1,0,0,22.69,1995,190,5,3.92674E+14
23,7,2018,19964,3,0,0,22.5,999,67,5,228.5222558
15,3,2012,72246,1,1,0,13.6,2523,63,7,317.6202644
9,8,2018,15000,1,1,0,20.5,1582,126.2,5,278450.7295
25,1,2016,14000,3,1,1,23.9,624,37.48,4,24.71308484
27,10,2016,22764,3,1,0,16.2,1199,74,5,240.2901135
27,10,2012,65000,1,0,0,18.33,1968,167.7,5,37233.834
11,8,2016,45000,1,1,0,12.08,2999,161,7,70844648.32
17,3,2017,32090,1,0,0,13,2143,204,5,4.96987E+13
15,10,2014,83000,1,1,0,15.1,2179,140,7,4899.046628
17,4,2011,70000,1,0,0,13,2143,204,5,320935.9611
15,2,2013,68000,1,1,0,16,2179,140,7,5912.540498
20,6,2012,105000,3,1,0,16.95,1498,97.7,5,29.59999973
9,5,2006,88000,3,1,0,13,1795,127,5,8.034043027
8,9,2007,93000,3,0,2,11.1,2354,142,5,52.6778264
8,4,2014,107000,1,1,0,26,1498,98.6,5,287.0113819
26,10,2011,141844,1,1,0,12.55,2982,168.5,7,193686.2454
20,3,2015,32469,3,0,0,19.34,1198,76,5,337.9999636
15,7,2015,56318,1,1,0,15.1,2179,140,7,13848.43893
18,3,2017,26002,1,0,0,20.7,1496,113.98,4,3.70456E+11
16,10,2014,83000,1,1,0,25.2,1248,74,5,98.38488105
3,10,2010,80000,3,1,2,18.6,1199,79.4,5,6.56853862
16,2,2016,56474,3,1,2,21.4,1197,83.1,5,225.5577773
17,9,2012,26000,3,0,2,14.8,1595,120.69,5,3943.194382
0,9,2009,49000,3,0,2,9.74,1984,208,5,3462.379065
24,7,2010,64132,1,0,2,17,1896,105,5,53.48906286
9,5,2016,41810,1,1,0,19.67,1582,126.2,5,329060.519
1,9,2013,60000,1,0,0,16.46,2993,258,5,1.87E+16
17,3,2016,22177,1,0,0,0,2987,165,5,1.46E+16
6,2,2014,100000,1,1,0,20,1399,68.05,5,59.21972762
24,10,2012,75000,1,0,0,20,1968,138.1,5,1027.647385
9,9,2011,68000,1,1,0,21.9,1396,90,5,22.0577053
26,7,2016,43518,1,1,0,12.99,2494,100,7,126120.373
16,10,2012,39100,3,0,0,16.98,998,66.1,5,11.61643085
9,4,2011,58000,3,1,0,17.01,1591,121.3,5,73.81362344
8,9,2010,52000,3,1,0,17,1497,118,5,16.5490532
1,6,2014,80000,1,0,0,13.2,1995,170,5,177947655.4
16,6,2006,96000,3,1,2,18.2,998,67.1,5,2.183559785
24,4,2010,63000,3,0,0,13.7,1798,157.75,5,356.8092417
0,5,2014,50000,1,0,0,15.73,1968,174.33,5,4.95583E+11
9,5,2014,15322,3,1,0,21.1,814,55.2,5,13.01320361
8,6,2012,47000,3,1,0,19.4,1198,86.8,5,40.38837317
27,2,2011,76041,1,1,0,20.54,1598,103.6,5,71.60254672
9,8,2009,46000,3,1,0,13.2,1495,94,5,7.372897488
15,6,2013,160000,1,1,2,15.96,2523,62.1,7,856.4818392
16,1,2015,17000,1,1,2,27.62,793,47,5,21.57854231
9,5,2014,56000,1,1,0,24,1120,70,5,73.14332172
9,9,2005,35000,3,1,0,15.3,1341,61,5,1.718281828
26,3,2015,54278,1,1,0,12.99,2494,100.6,7,270762.2224
9,8,2015,39000,1,1,0,25.4,1186,73.97,5,56.62750667
0,1,2013,40000,1,0,0,17.68,1968,174.33,5,2592789084
6,8,2013,41000,3,0,0,15.63,1499,110.4,5,136.1396843
1,8,2011,30342,3,0,0,15.56,1998,252,5,3.9101E+11
8,9,2008,88000,3,1,2,17.7,1497,78,5,11.74322809
16,2,2018,9000,3,1,0,21.5,1197,81.8,5,1318.489238
16,4,2010,70000,1,1,0,19.3,1248,73.9,5,25.18011099
27,8,2011,46279,3,1,0,16.47,1198,73.9,5,11.24355897
16,10,2016,105000,1,1,2,23.2,1248,73.94,5,118.7013631
3,2,2011,130000,1,1,0,16.52,1991,123.7,5,250.8918931
23,6,2017,30000,3,1,0,25.17,799,53.3,5,33.53592201
27,8,2013,54000,1,1,0,19.33,1968,138.03,5,2513.929373
6,6,2010,65000,1,1,0,20,1399,68,5,6.403848999
16,5,2010,70000,3,1,0,17.5,1298,85.8,5,27.38895043
17,10,2015,46000,1,0,0,13,2143,204,5,3879608175
3,10,2007,113000,3,1,0,18,995,62,5,2.15819291
9,6,2016,67310,3,1,0,18.9,1197,82,5,83.4365192
8,10,2019,1015,3,0,0,19,1199,88.7,5,4047.088203
8,6,2011,83035,3,1,2,17,1497,118,5,44.42215584
26,8,2015,36983,1,1,0,12.99,2494,100,7,212776.0111
3,10,2010,76000,1,1,3,18.3,1991,147.9,5,77.1789164
24,3,2019,14148,3,0,0,14.3,1598,103.52,5,51430.18605
16,8,2011,71428,1,1,0,21.1,1248,73.9,5,10.94126442
16,9,2015,10500,3,1,2,18.5,1197,85.8,5,155.8045303
8,7,2010,58997,3,0,0,16.8,1497,118,5,24.66171006
16,4,2015,39842,3,1,0,23.1,998,67.04,5,62.1176219
16,7,2015,47490,0,1,0,32.26,998,58.2,4,37.28277285
25,6,2009,45000,3,1,0,15.8,1172,65,5,6.500727381
8,5,2011,80000,3,1,0,17.4,1497,117.3,5,94.10675524
26,1,2012,56600,1,1,0,23.59,1593.584967,110.3804201,5.284546198,112.0691977
24,3,2015,55409,1,1,0,20.5,1598,103.5,5,1048.427441
16,9,2009,77000,3,0,0,12.6,1586,103.3,5,12.70827959
9,1,2012,58000,3,0,2,15,1593.584967,110.3804201,5.284546198,9613.234119
16,3,2016,59491,3,1,0,22.74,796,47.3,5,22.66506713
15,5,2007,51000,1,1,0,10.5,2179,120,7,59.70341762
16,3,2017,18725,3,1,0,21.4,1197,83.1,5,768.6993623
1,1,2009,92000,3,0,0,11.5,2497,218,5,3081723.806
16,3,2013,61450,1,1,0,21.1,1248,73.9,5,142.0222196
9,3,2016,18592,3,1,0,20.3,998,68.05,5,39.60941759
3,1,2013,65137,1,1,2,18.2,1248,73.74,7,105.6977424
27,10,2011,83000,1,1,2,22.07,1199,73.9,5,14.37895475
9,4,2013,37000,1,0,0,22.32,1582,126.3,5,521.173548
8,3,2017,14052,3,0,0,16,1497,117.3,7,213842.5603
9,3,2011,45086,3,1,0,20.36,1197,78.9,5,39.52827992
16,1,2016,25400,3,1,2,20.51,998,67.04,5,37.62887292
26,5,2008,194500,1,1,0,12.8,2494,102,8,591.8847326
26,10,2014,89000,1,1,0,12.8,2494,102,8,48775.30887
9,8,2012,50000,1,1,0,23.5,1396,88.7,5,42.07746472
9,10,2012,76551,3,0,0,15,1396,98.6,5,57.55696259
27,9,2017,9700,3,1,0,16.2,1199,74,5,270.7819254
9,9,2013,58000,3,1,0,17.01,1591,121.3,5,159.6133622
9,8,2013,46000,3,1,2,18.5,1197,82.9,5,20.15761737
9,1,2014,72017,1,1,0,22.7,1582,126.24,5,1158.796688
6,8,2015,54407,1,1,0,22.77,1498,98.59,5,355.0246607
26,5,2012,147000,1,1,0,12.99,2494,100,8,10991.84626
0,6,2015,61000,1,0,0,15.73,1968,174.33,5,8058554217
24,9,2016,18856,3,0,0,14.3,1598,103.52,5,1581.878019
1,5,2011,76000,1,0,0,11.2,2993,241,4,48447920.72
15,4,2017,17700,1,1,0,25.32,1198,77,5,342.4357332
20,7,2014,82267,1,1,0,23.08,1461,63.1,5,31.78594771
8,7,2018,27041,3,0,0,18,1497,117.3,5,55602.4206
16,1,2014,63000,3,1,2,24.07,998,67.1,5,34.30413161
16,5,2008,61000,3,1,0,18.9,1061,67,5,4.61252103
15,7,2018,28466,1,1,0,18.49,1493,100,7,6228.180113
9,8,2002,80000,3,1,0,0,1086,110.3804201,5,1.664456242
9,4,2013,35373,3,1,0,21.1,814,55.2,5,8.855207543
25,6,2014,51000,1,1,0,11.57,2179,138.1,7,14942.02627
0,9,2013,49000,1,0,0,17.68,1968,174.33,5,123283851.7
20,8,2015,41000,1,1,0,22.71,1461,84.8,5,375.9075757
26,1,2011,82831,1,1,2,12.8,2494,102,7,2603.510425
8,9,2010,52000,3,1,0,17,1497,118,5,16.5490532
16,5,2015,39736,1,1,0,25.2,1248,74,5,172.9903782
23,9,2014,26500,1,1,0,19.01,1461,108.45,5,244.1818058
16,9,2010,40000,3,1,0,22,1197,81.8,5,9.506561849
13,3,2019,5752,1,1,0,16.3,1956,170,5,43542355892
20,2,2015,54000,1,1,2,19.64,1461,108.5,5,2894.751668
16,8,2014,54841,3,1,0,22.5,998,67.04,5,16.9035676
6,5,2014,34000,1,1,0,22.7,1498,89.84,5,1061.096432
8,0,2012,16000,3,1,0,19.4,1198,86.8,5,29.81495118
6,10,2009,134000,1,1,0,17.8,1399,110.3804201,5,10.05629556
24,9,2017,24000,1,0,0,18.19,1968,174.5,5,5.27281E+11
15,1,2013,60000,1,1,0,14,2498,112,8,487.3341963
9,7,2015,58469,3,1,0,20.3,998,68.05,5,56.39745705
27,10,2011,110000,1,1,2,22.07,1199,73.9,5,15.3462743
9,7,2018,21127,3,0,0,14.62,1999,149.92,5,5527491870
26,10,2013,56000,3,1,0,12.4,1998,132,8,7516.583333
15,9,2014,101000,1,1,0,14.02,2179,118.3,8,1129.03061
9,5,2018,13664,3,1,0,18.6,1197,81.83,5,1985.242615
23,9,2014,65371,1,1,0,19.01,1461,108.45,5,223.7525457
9,4,2014,70428,3,1,0,17,1591,121.3,5,521.6959827
9,1,2012,69010,1,1,0,22.32,1582,126.3,5,257.7856208
16,8,2017,68000,3,1,0,24.7,796,47.3,5,18.33660632
20,8,2012,45000,1,1,0,21.64,1461,84.8,5,93.25463473
16,0,2017,55945,1,1,0,19.3,1248,73.9,5,345.8873197
3,5,2013,70000,1,1,0,22.1,1248,76.9,5,33.29501471
16,9,2014,12000,3,1,0,18.9,998,67.1,5,18.25941438
26,3,2019,10660,3,0,0,14.28,1798,138.03,5,42669715.03
26,4,2012,52052,3,1,0,16.78,1496,88.73,5,30.00039666
17,2,2012,62940,1,0,2,14.84,2143,170,5,2574071.93
9,8,2012,102000,3,1,0,17.92,1086,62.1,5,4.959579948
27,2,2012,60000,1,1,0,20.54,1598,103.6,5,138.7702496
20,10,2013,66000,3,0,0,17.97,1498,99.6,5,69.31604437
8,5,2012,41000,3,1,0,18.5,1198,86.8,5,37.55169238
8,2,2005,135000,3,0,3,10.1,2354,152,5,48.60045465
8,10,2012,72000,3,0,0,16.8,1497,116.4,5,128.4118559
17,4,2014,55000,1,0,0,11.78,2143,167.62,5,23564330826
6,3,2016,37354,3,1,0,18.88,999,123.37,5,762.5663322
17,4,2016,21000,1,0,0,17.9,2143,201.15,5,6.29795E+15
1,1,2015,66508,1,0,0,18.12,1995,190,5,1.75311E+13
17,5,2013,88000,1,0,0,11.3,2987,254.8,7,2.25E+17
26,1,2012,52000,1,1,0,12.55,2982,169,7,80277503.78
17,3,2017,41372,1,0,0,17.9,2143,136,5,8480201090
24,6,2017,50000,1,0,2,21.72,1498,108.4,5,1618.706113
16,8,2012,72000,1,1,0,17.8,1248,110.3804201,5,56.62750667
8,8,2013,51637,1,1,0,25.8,1498,98.6,5,31.78594771
26,9,2009,48233,3,1,0,14.53,1798,138.1,5,27.67426412
9,2,2016,58000,3,1,2,18.9,1197,82,5,139.611392
8,2,2015,44550,3,0,0,19,1199,88.7,5,487.8227748
9,0,2013,60001,1,1,0,22.32,1582,126.32,5,554.5729925
26,4,2014,150000,1,0,0,12.55,2982,168.5,7,14984096.05
17,4,2015,33000,1,0,0,11.5,2987,210,5,1.58E+16
15,8,2016,27000,1,1,0,0,1593.584967,110.3804201,5.284546198,397916.5094
27,6,2015,62766,1,1,0,20.14,1498,88.8,5,163.6793089
16,4,2010,73575,3,1,0,18.9,998,67.1,5,5.986641719
8,10,2015,63000,1,1,0,25.8,1498,98.6,5,139.611392
26,6,2017,27270,1,0,0,11.36,2755,171.5,7,787205585.2
17,1,2016,41737,1,0,0,19.27,2143,170,5,6.2374E+11
17,3,2018,28358,1,0,0,19.27,2143,167.62,5,8.73038E+14
16,10,2012,75500,1,1,2,21.1,1248,73.9,5,21.9656587
8,9,2016,9900,3,1,0,18.7,1199,88.7,5,437.7808124
8,9,2014,17000,3,1,0,19.4,1198,86.8,5,66.08765179
1,1,2009,150000,1,0,2,18.48,1593.584967,110.3804201,5.284546198,723.1510477
9,1,2015,68178,1,1,0,21.38,1396,88.7,5,504.2230425
9,5,2009,52008,3,1,0,15.3,1341,83,5,16.4789972
3,8,2013,76000,1,1,0,25.44,936,56.3,5,14.34822758
0,7,2015,48222,1,0,0,17.68,1968,174.33,5,1.30808E+11
9,4,2016,100000,3,1,0,19.1,1197,82,5,63.19979387
16,4,2010,68000,1,1,0,19.3,1248,73.9,5,22.33606458
19,3,2015,76115,1,0,0,13.5,2477,175.56,7,69164617.74
16,8,2015,36009,3,1,0,16.1,1593.584967,110.3804201,5.284546198,241.0150707
26,5,2013,142000,1,0,0,12.55,2982,168.5,7,25958248.06
28,5,2011,70000,1,0,0,13.2,2400,215,5,168888.5112
9,3,2016,34224,1,1,0,19.67,1582,126.2,5,725777.3905
17,0,2012,50000,1,0,2,14.21,2143,203,5,301716983.9
8,9,2015,30000,1,1,0,24.2,1498,98.6,7,625.4067998
23,1,2018,22000,1,1,0,20.37,1461,108.45,5,203616.8028
9,8,2017,4000,3,1,0,21.1,814,55.2,5,17.85918381
28,4,2014,22230,1,1,0,11.1,2400,200,7,238290242.7
16,1,2011,46000,3,0,0,16.98,998,66.1,5,17.1378334
17,10,2013,88700,1,0,0,14.21,2143,203,5,790360713.6
9,5,2015,56000,3,1,0,18.9,1197,82,5,104.9534662
0,0,2014,84004,1,0,0,20.38,1968,143,5,14288990.88
1,1,2015,16000,1,0,0,14.69,2993,258,5,9.52E+21
15,6,2015,85009,1,1,2,16,2179,140,7,78510.46939
6,9,2014,86000,3,1,0,18.88,999,123.37,5,210.2410714
3,3,2015,93442,1,1,0,18.2,1248,73.8,7,148.7549063
15,2,2015,65000,1,1,0,15.4,2179,120,8,5912.540498
9,10,2013,67000,3,1,0,18.5,1197,80,5,39.97655197
23,3,2014,31513,1,1,0,23.08,1461,63.12,5,58.62053132
16,3,2017,75724,1,1,0,26.59,1248,74,5,705.2716946
9,8,2013,69000,3,1,0,21.1,814,55.2,5,10.49600979
20,9,2010,65000,3,1,0,18.06,1198,75,5,6.106429943
24,9,2017,27000,1,0,0,18.19,1968,174.5,5,5.27281E+11
16,2,2014,56049,3,1,0,18.6,1197,85.8,5,197.1451811
24,10,2012,96987,1,1,0,20.5,1598,103.5,5,40.55425821
5,6,2010,65000,3,1,3,14.6,1593.584967,110.3804201,5.284546198,6.924823118
9,1,2010,69000,3,1,0,20.36,1197,78.9,5,16.37443721
8,1,2015,33500,1,1,0,27.3,1498,98.6,5,1185.781144
26,2,2012,93000,1,1,0,12.99,2494,100,8,8999.181295
28,0,2013,64000,1,0,0,14.7,1984,181,5,303761.0671
16,7,2017,48045,1,1,0,28.09,1248,88.5,5,5013.053757
19,5,2009,94000,1,1,0,10.5,2835,107.2,6,518.049887
16,2,2011,60000,3,1,0,19.7,796,46.3,5,8.78646198
16,10,2010,115000,3,1,2,16.1,1593.584967,110.3804201,5.284546198,15.10290998
1,1,2011,56000,1,0,0,13.2,1995,170,5,482626.3004
9,10,2012,98472,1,1,0,23,1396,90,5,91.4807024
9,5,2016,37800,1,1,0,19.67,1582,126.2,5,430627.0485
16,3,2016,63617,3,1,0,14,796,35,5,23.557075
9,0,2011,68000,1,1,0,18.1,1493,110,5,47.18269829
16,7,2017,11282,3,1,0,21.4,1197,83.1,5,497.6976499
8,2,2013,75000,1,1,0,25.8,1498,98.6,5,83.94466122
1,3,2014,78984,1,0,0,16.09,1995,184,5,152702171.9
24,9,2016,71000,3,0,0,14.67,1798,177.46,5,4709064.318
8,7,2014,43814,3,1,0,18.5,1198,86.8,5,85.14225004
9,8,2011,60000,3,1,0,20.36,1197,78.9,5,11.09751428
9,6,2007,85000,3,1,2,0,1086,110.3804201,5,3.64132553
0,7,2015,65438,1,0,0,17.68,1968,174.33,5,788781571.9
23,9,2014,28215,1,1,0,19.87,1461,83.8,5,316.3483289
8,7,2019,15053,1,1,0,25.5,1498,98.6,5,33623.15545
8,1,2015,38000,1,1,0,24.5,1498,98.6,7,2080.824601
27,7,2012,64213,3,1,0,16.47,1198,73.9,5,45.57202318
17,4,2017,15000,3,0,0,12.6,1950,191.34,5,3.12487E+13
17,5,2011,82000,1,0,0,13.5,2987,282,5,52600949086
9,10,2009,60000,3,1,2,13.2,1495,94,5,6.470784398
16,2,2012,158000,3,1,0,17.5,1298,85.8,5,38.6067675
9,2,2007,73000,3,1,0,20.36,1197,78.9,5,10.5305496
8,3,2013,71601,3,1,0,18.5,1198,86.8,5,49.70375647
16,5,2015,82328,1,1,0,21.1,1248,73.9,5,273.5133792
8,8,2011,38000,3,1,0,18.5,1198,86.8,5,10.75172455
16,10,2014,85000,3,1,0,20.4,1197,81.8,5,55.88319757
23,6,2012,116000,1,1,0,19.01,1461,108.45,5,164.0089971
9,9,2008,65000,3,1,2,17.92,1086,62.1,5,3.806648194
15,2,2018,5600,3,1,0,18.15,1198,82,5,2055.991999
6,4,2012,68000,1,0,0,11.4,2953,153.86,7,29865.71713
25,8,2010,29300,3,1,0,15.8,1172,65,5,7.775818137
14,7,2018,23342,1,0,0,12.83,2179,147.5,5,8.93873E+13
1,3,2017,41078,1,0,0,22.69,1995,190,5,5.26665E+13
27,2,2014,38000,1,1,0,20.64,1498,108.49,5,687.8337843
25,5,2013,132000,1,1,2,19.4,1405,70,5,49.0488736
16,10,2015,35000,3,1,0,22.74,796,47.3,5,13.74641496
6,0,2012,80000,1,1,0,20,1399,68,5,25.5757727
6,8,2009,39408,1,1,0,17.8,1399,110.3804201,5,6.598873404
8,8,2015,27525,3,1,0,18.7,1199,88.7,5,168.8643199
9,6,2018,27000,1,1,0,24,1186,73.97,5,184.8611705
24,10,2015,82799,1,1,0,21.14,1498,103.52,5,648.3682713
16,10,2017,8000,3,1,0,20.89,1197,81.8,5,410.5785957
26,9,2014,46000,1,0,2,12.55,2982,168.5,7,84056520.04
9,10,2012,98000,1,1,0,22.32,1582,126.3,5,373.2784354
9,3,2016,47924,3,1,0,21.1,814,55.2,5,26.35775403
6,2,2013,39000,3,0,0,16.5,1499,110,5,383.5216138
9,3,2017,33601,3,1,0,18.9,1197,82,5,1297.545408
9,10,2015,85000,1,0,0,17.6,1582,126.2,5,27172.56759
26,10,2012,54000,3,1,0,14.53,1798,138.1,5,231.9910405
16,10,2017,35000,1,1,0,24.3,1248,88.5,5,6316.001953
27,5,2013,80020,1,1,2,22.07,1199,74,5,36.33756782
6,2,2005,87500,3,1,2,13.8,1399,68,5,2.982859386
8,9,2015,59500,3,1,0,17.3,1497,117.3,7,216.0222754
8,5,2015,76000,1,1,0,24.2,1498,98.6,7,847.9497523
22,1,2014,43000,1,0,2,15.15,2967,240,5,1.42105E+13
8,7,2015,41850,3,1,0,18,1198,86.7,5,164.6703549
0,5,2015,52300,1,0,0,20.38,1968,143,5,226895472.4
15,10,2013,31924,1,1,0,15.1,2179,140,7,15062.04994
9,3,2014,77914,1,1,0,16.2,1493,110,5,685.7703796
6,10,2013,70000,1,1,0,22.7,1498,89.84,5,60.37484128
16,2,2010,94385,3,1,2,19.7,796,46.3,5,3.903748928
23,6,2012,57000,1,1,2,23.08,1461,63.12,5,63.39268244
9,3,2016,27039,3,1,0,20.3,998,68.05,5,41.39370991
8,4,2015,11000,3,1,0,18,1198,86.7,5,142.3085503
27,6,2016,57669,1,0,0,21.5,1498,108.5,5,4504.256026
26,10,2011,124000,1,1,0,11.5,2982,171,7,92502.33714
16,9,2017,29500,1,1,0,23.65,1248,88.5,5,5871.290258
16,6,2000,75000,3,1,0,16.1,796,37,4,0.845960983
16,3,2015,54186,3,0,0,23.1,998,67.04,5,87.23467268
8,9,2015,36990,3,1,0,19.4,1198,86.8,5,84.19987784
16,5,2016,90000,1,1,0,19.3,1248,73.9,5,81.68184091
26,9,2018,23000,1,0,0,11.36,2755,171.5,8,254293583
16,4,2016,23582,3,1,2,19.34,1462,103,7,1202.512929
16,6,2009,87000,3,1,2,19,998,66.1,5,5.685894442
5,8,2019,1000,1,1,0,20.5,1248,91.72,5,3592.924285
16,7,2015,58634,1,1,0,28.4,1248,74,5,223.3034898
20,7,2013,41377,1,1,2,22.71,1461,84.8,5,71.31271658
9,6,2015,43000,3,1,0,21.1,814,55.2,5,19.00535525
8,7,2015,77372,3,1,0,18,1198,86.7,5,194.9775281
6,2,2006,49000,3,1,2,16.6,1388,68,5,5.09823875
8,4,2015,48000,3,0,0,18,1497,117.3,5,2084.992416
8,5,2012,30000,3,1,0,19.4,1198,86.8,5,40.63744989
16,8,2012,47000,3,1,0,18.9,998,67.1,5,10.24585931
9,6,2016,76681,1,0,0,22.7,1582,126.2,5,3469.312755
8,9,2010,106565,3,0,0,10.2,2354,180,5,190.7131031
16,3,2011,37492,3,0,0,22.5,998,67,5,17.6715318
3,3,2014,72843,1,1,2,17.3,1998,163.7,5,967.743625
9,7,2013,55653,3,1,0,17,1197,80,5,49.50134654
25,0,2013,35000,3,1,0,25.4,624,37.48,4,7.935213115
6,4,2014,44000,3,1,0,15.8,1499,110,5,812.2186373
25,10,2012,43200,1,1,0,19.1,1405,70,5,37.32107477
24,6,2005,117000,1,1,0,18.7,1896,66,5,7.714601917
19,3,2016,63961,1,0,0,13.5,2477,175.56,7,618000607.5
18,9,2015,20000,1,0,0,20.7,1496,113.98,4,1.28732E+11
9,10,2016,34000,3,1,0,19.1,1197,81.86,5,159.6133622
9,8,2015,35000,3,1,0,18.6,1197,81.83,5,105.1655852
9,9,2013,43000,3,1,0,18.5,1197,82.85,5,43.56728189
9,5,2008,63193,3,1,0,20.36,1197,78.9,5,15.3462743
26,1,2008,110000,1,1,0,12.8,2494,102,8,296.6743191
16,7,2011,44547,3,1,0,16.51,1586,103.2,5,19.73866848
8,0,2011,65000,3,1,0,17,1497,118,5,83.77494167
16,9,2012,79000,3,1,2,18.5,1197,85.8,5,24.12843315
16,4,2017,33000,0,1,0,32.26,998,58.2,4,84.71261377
9,10,2014,108000,3,0,0,15,1396,98.6,5,261.9594927
26,7,2018,21302,1,1,0,13.68,2393,147.8,8,291631039.1
16,10,2014,82000,1,1,0,25.2,1248,74,5,98.38488105
26,2,2014,173000,1,1,2,12.99,2494,100.6,8,41771.77122
15,6,2013,72000,1,1,0,17.21,1493,100,7,42.25011966
15,1,2014,50299,1,1,0,15.1,2179,140,7,9135.201616
0,8,2014,60000,1,0,0,17.68,1968,174.33,5,746570042.7
26,8,2011,112999,1,1,0,11.5,2982,171,7,80659.1558
26,10,2010,183000,1,1,0,12.8,2494,102,7,905.8708069
12,3,2016,58840,1,0,0,16.36,2179,187.7,5,7.75865E+14
9,8,2014,58000,3,1,0,17.01,1591,121.3,5,159.1322442
9,6,2011,78000,1,1,0,21.9,1396,90,5,31.68773725
24,0,2018,34000,1,1,0,21,1968,141,5,53543233.12
9,5,2012,54982,3,1,0,20.36,1197,78.9,5,21.87397954
16,6,2008,65000,3,1,2,19.7,796,46.3,5,2.603840203
23,7,2018,16292,3,1,0,25.17,799,53.3,5,63.0074831
9,9,2015,11206,3,1,0,18.9,1197,82,5,89.92181851
9,10,2015,32100,3,0,0,18.9,1197,82,5,119.3013687
16,4,2018,22296,3,1,2,22.5,998,67.04,5,128.8006744
9,8,2015,36113,1,1,0,22.54,1396,88.73,5,277.1053504
28,4,2011,87000,1,0,2,13.1,2400,215,5,113209.0249
23,6,2018,1001,1,1,0,19.87,1461,83.8,5,767.1615019
8,5,2015,39822,3,0,0,18,1497,117.3,5,6013.930056
16,5,2008,81814,3,1,0,16.1,1298,88.2,5,16.15003132
9,2,2016,62000,1,1,0,19.67,1582,126.2,5,118183.2351
16,10,2017,71000,1,1,2,26.59,1248,74,5,47.42421507
8,3,2019,10452,3,0,0,19,1199,88.7,5,7338.30918
25,8,2018,1520,3,1,0,23.84,1199,84,5,221.2938155
8,2,2013,35315,3,1,2,19.4,1198,86.8,5,32.24817904
16,5,2014,91722,1,1,0,25.2,1248,74,5,259.864209
9,10,2011,35976,3,1,0,17,1197,80,5,20.28494467
23,4,2016,22000,3,1,0,25.17,799,53.3,5,42.38006484
0,5,2011,71000,1,0,0,18.53,1968,187.74,5,344550.8961
9,10,2014,25000,3,1,0,18.9,1197,82,5,58.44193775
16,5,2010,54486,3,1,0,19.7,796,46.3,5,10.10060931
12,8,2017,18366,3,0,0,10.8,1997,246.74,5,6.46E+27
25,8,2010,16000,3,1,0,15,1368,90,5,4.048039752
25,3,2017,31176,3,0,0,21.9,624,37.48,4,34.19837793
1,6,2012,88375,1,0,2,17.05,1995,184,5,674683.1942
16,6,2017,34500,3,0,0,20.51,998,67,5,83.35212489
26,5,2012,80000,1,1,0,12.55,2982,168.5,7,2960887.648
27,4,2013,46000,1,1,0,22.07,1199,73.9,5,19.49129168
8,9,2009,70000,3,0,3,13.9,1799,130.2,5,23.07081233
1,5,2009,51000,1,0,0,14.49,2993,258,5,5085987.684
15,4,2017,25000,1,0,0,16,2179,140,7,168256472.3
9,3,2017,25132,3,0,0,14.5,1797,147.4,5,86529849.08
26,4,2011,70000,3,1,0,14.53,1798,138.1,5,57.4399657
16,7,2015,48913,3,1,0,24.7,796,47.3,5,13.999247
8,5,2014,63000,1,1,0,25.6,1498,98.6,5,556.7997349
16,6,2011,90000,3,1,0,19.7,796,46.3,5,4.737364738
8,2,2013,55000,3,1,0,19.4,1198,86.8,5,27.81799447
27,9,2013,51000,3,1,0,16.47,1198,73.9,5,37.90022365
16,10,2012,35844,3,1,2,18.5,1197,85.8,5,22.99870811
20,8,2012,14850,3,0,0,10,3696,328.5,2,2.73E+18
0,5,2014,98000,1,0,0,17.68,1968,174.33,5,1823457023
9,9,2015,17000,3,1,0,18.6,1197,81.83,5,279.0589173
9,9,2013,42670,1,1,0,22.32,1582,126.3,5,259.343002
1,7,2014,33128,1,0,0,17.54,2993,313,4,2.47E+21
16,2,2018,7300,3,1,2,24.07,998,67.1,5,63.19979387
9,8,2016,53416,1,1,0,22.54,1396,88.73,5,431.6806816
26,2,2011,47000,3,1,2,17.6,1496,88.73,5,51.35251614
9,0,2008,72002,1,1,2,13.6,1991,142,5,45.80546642
24,10,2016,47000,1,0,0,21.72,1498,108.4,5,7997.42559
0,3,2016,47634,1,0,0,17.68,1968,174.33,5,2.8514E+14
27,0,2015,62000,3,1,0,16.47,1198,74,5,160.5799392
6,2,2013,65000,1,1,2,19.68,1399,67,5,66.8975533
23,5,2014,92448,1,1,0,17.15,1995,147.9,5,23270.85571
6,2,2014,68000,1,1,0,22.7,1498,89.84,5,520.6516354
14,9,2011,87000,1,0,0,0,2179,115,5,2943175.505
8,10,2016,108000,1,1,0,25.8,1498,98.6,5,140.1749639
28,2,2015,60000,1,0,0,23.3,1984,150,5,2714177.806
9,2,2011,82000,3,1,0,20.36,1197,78.9,5,21.91977328
6,6,2016,26189,3,1,0,18.16,1196,86.8,5,178.4685529
16,6,2016,26300,1,1,0,28.09,1248,88.5,5,4063.312984
26,9,2016,35000,1,0,0,12.55,2982,168.7,7,195486131.2
25,10,2010,67000,1,1,0,18,1248,75,5,9.236911881
9,6,2012,42285,3,1,0,22,814,55,5,11.89706802
15,8,2017,7000,3,1,0,18.15,1198,82,6,232.6910631
9,10,2016,42000,3,1,0,18.6,1197,81.83,5,268.6163439
9,7,2015,56967,3,1,0,17.92,1086,62.1,5,25.04953714
17,3,2019,29566,1,0,0,17.9,2143,170,5,1.89E+17
16,7,2015,41836,3,1,0,20.51,998,67.04,5,51.40489484
15,3,2018,19764,1,1,0,16.5,1493,70,7,1441.308163
25,8,2009,134000,1,1,0,18,1248,75,5,5.57977138
9,4,2018,8321,3,1,0,18.6,1197,81.86,5,2101.747286
25,10,2015,174000,1,1,0,19.1,1405,70,5,42.38006484
26,10,2002,119613,1,1,2,13.1,2446,75,10,27.78919088
16,2,2017,21000,3,1,0,20.85,1197,83.14,5,613.0031141
27,9,2015,55600,1,1,0,20.34,1498,103.2,5,686.4574935
5,8,2014,61000,1,1,0,19.5,1248,75,5,60.00769477
8,10,2013,38428,3,1,2,19.4,1198,86.8,5,27.33222927
1,2,2009,95000,1,0,2,18.48,1593.584967,110.3804201,5.284546198,741.4830187
9,9,2012,18000,3,1,0,17,1197,80,5,25.46968193
6,2,2019,7000,1,0,0,12.62,2198,158,7,6.1399E+14
9,7,2016,24779,3,1,0,18.6,1197,81.83,5,368.075046
16,7,2019,17431,3,1,0,21.5,1197,81.8,5,785.820389
15,2,2008,88000,1,1,0,12.05,2179,120,8,100.9008213
16,7,2015,29347,3,1,0,22.5,998,67.04,5,32.01625447
16,0,2015,24000,1,1,0,26.21,1248,88.5,5,454.3197867
0,3,2016,60249,1,0,0,18.25,1968,187.74,5,2.67887E+13
16,9,2017,15000,3,1,0,20.73,1373,91.1,5,4613.690127
6,8,2018,3013,1,1,0,24.4,1498,98.63,5,8093.984894
26,8,2013,60000,1,1,0,23.59,1364,110.3804201,5,96.31956032
15,5,2013,83503,1,1,0,15.1,2179,140,7,3339.914998
3,9,2011,69000,1,1,2,18.3,1991,147.9,5,718.8191501
9,8,2018,54000,3,1,0,21.1,814,55.2,5,37.16809663
16,1,2013,49000,1,1,0,23.2,1248,73.94,5,115.396213
26,5,2013,86000,1,1,0,23.59,1364,110.3804201,5,312.2495008
16,2,2010,36000,3,1,2,22.5,998,67.04,5,13.12575886
6,3,2018,12899,3,1,0,15.85,1499,110.4,5,12937.98337
23,1,2016,56839,1,0,0,19.6,1461,108.45,5,81469.80384
16,10,2012,46972,3,1,0,22,1197,81.8,5,33.05578788
15,3,2015,96012,1,1,0,14.95,2489,93.7,7,245.4107848
26,7,2012,59311,3,1,0,18.3,1593.584967,110.3804201,5.284546198,58.32317268
8,0,2010,90000,3,0,3,10.1,2354,152,5,448.8886015
5,7,2016,32835,1,1,0,20.5,1248,91.7,5,1658.049289
9,7,2017,60739,1,0,0,17.01,1582,126.2,5,233047.0653
5,9,2017,19476,3,0,0,19,1368,160,4,10396709.33
6,9,2017,15000,3,1,0,18.88,999,123.24,5,4554.087413
12,5,2011,53000,1,0,0,14.74,2993,270.9,5,14639658225
9,2,2016,20000,3,1,2,18.9,1197,82,5,185.9796898
17,5,2008,67000,1,0,0,8.7,2987,224.34,5,14015.63335
26,1,2009,140000,1,1,2,12.8,2494,102,7,5795.44455
8,4,2011,25000,3,0,2,11.7,2354,177.6,5,35524.28587
16,6,2007,69000,3,1,2,18.9,998,67.1,5,3.079604306
9,5,2013,65461,1,1,0,21.9,1396,90,5,48.7992538
16,8,2014,33000,3,1,0,18.6,1197,85.8,5,62.56099525
8,0,2011,52000,3,1,0,17,1497,118,5,69.80998345
27,7,2015,29215,3,1,0,16.47,1198,74,5,108.6178252
9,6,2010,40000,2,1,2,13.2,1495,93.7,5,4.989452466
10,6,2017,290000,1,1,0,12.4,2499,134,5,9530425.233
8,3,2017,14519,3,1,0,15.4,1497,117.3,7,66634.98327
16,6,2012,350000,1,1,0,23.4,1248,74,5,41.26671936
8,8,2014,39000,1,1,0,24.2,1498,98.6,7,177.5734498
16,3,2016,40130,3,1,0,16.02,1373,93.7,7,1247.876967
19,1,2015,58000,1,0,0,13.5,2477,175.56,7,2297299178
17,1,2013,43000,1,0,0,15,2147,107.3,5,170799343.2
16,9,2017,15500,0,1,0,15.1,1196,73,5,153.1613837
27,9,2011,34948,3,1,0,16.09,1598,103.5,5,25.97741407
16,1,2006,98245,3,1,3,11.3,1298,83.1,8,4.392450932
8,4,2014,36390,1,1,0,26,1498,98.6,5,652.9297959
16,9,2010,122000,3,1,0,17.5,1197,85.8,5,12.84605009
27,0,2013,79003,1,1,0,20.54,1598,103.6,5,94.58347983
24,7,2013,78830,1,0,2,17,1896,105,5,1262.95377
8,9,2011,53000,3,1,0,19.4,1198,86.8,5,20.34889539
16,2,2009,53000,3,1,2,19,998,66.1,5,8.043081588
16,6,2011,82000,1,1,2,21.5,1248,88.8,5,17.04737058
9,9,2013,95000,1,1,0,22.54,1582,126.2,5,737.7798692
16,7,2017,18090,3,1,0,24.07,998,67.1,5,51.98453084
16,10,2004,70332,3,1,3,19.7,796,46.3,5,1.950574803
4,6,2018,46000,3,1,0,22.7,799,53.64,5,34.48109431
6,7,2015,63402,1,1,0,22.7,1498,89.84,5,405.2627022
8,8,2017,13000,1,1,0,26,1498,98.6,5,1292.361601
17,10,2010,65505,1,0,0,14.94,2143,204,5,557935.257
9,10,2006,154000,3,1,3,13.2,2359,165,5,597.2447792
3,1,2008,85142,3,1,2,18,995,62,5,2.982859386
27,6,2016,45000,3,1,0,16.2,1199,74,5,163.0219073
9,4,2011,48000,3,1,0,20.36,1197,78.9,5,22.78368877
26,4,2012,77800,3,1,0,18.3,1197,110.3804201,5,101.7192974
16,7,2016,39549,3,1,0,24.07,998,67.1,5,39.77218057
8,7,2011,100922,3,0,2,10.1,2354,152,5,24390.74416
9,2,2013,55000,3,0,0,17.01,1591,121.4,5,306.3539454
17,5,2011,45000,1,0,2,14.94,2143,204,5,16110792.35
8,6,2017,145000,3,0,0,18.1,1199,88.7,5,741.4830187
15,8,2011,45000,1,1,0,14,2498,112,8,348.3240495
9,1,2012,44000,3,0,0,12.37,2359,198.25,5,15021603.16
9,1,2015,48000,1,1,0,21.38,1396,88.7,5,387.3861202
26,7,2011,64139,1,1,0,12.8,2494,102,7,1418.414867
8,7,2019,11574,3,1,0,0,1199,88.7,5.284546198,5414.389031
16,8,2013,14311,0,1,0,30.46,796,47.3,5,12.6126567
9,1,2016,20000,3,1,0,18.6,1197,81.83,5,1054.742933
17,3,2018,18338,3,0,0,19,2996,362.07,2,2.71E+20
9,7,2019,17964,1,1,0,22.54,1396,88.73,5,3123.407674
26,5,2012,55500,1,0,0,11.5,2982,169,7,192383242.4
15,2,2008,130000,1,1,2,12.05,2179,120,8,106.0183163
17,5,2016,50000,1,0,0,11.57,2987,254.79,5,5.68E+23
27,9,2015,49830,3,1,0,16.2,1199,74,5,76.71124732
1,8,2009,49000,1,0,0,18.48,1995,177,5,198788.1511
6,8,2013,53967,1,1,0,22.7,1498,89.84,5,55.54292024
16,9,2011,54000,3,1,0,15,1586,104.68,5,23.11900213
9,5,2009,75000,3,0,0,15,1396,100,5,25.2063042
9,10,2016,100000,1,1,0,24.4,1120,71,5,62.4340003
23,2,2015,142000,1,1,0,19.98,1461,108.5,8,2302.073928
23,6,2012,83388,1,1,2,19.01,1461,108.45,5,157.8562968
16,4,2012,62000,3,1,0,17.5,1298,85.8,5,28.1950741
8,8,2016,61000,1,1,0,26,1498,98.6,5,377.7968327
0,1,2011,45000,1,0,0,14.94,2967,241.4,5,45683362066
17,1,2013,33000,1,1,0,10,1796,157.7,5,290104.5206
26,10,2014,113565,1,1,0,12.99,2494,100.6,8,66835.19138
27,5,2008,131000,1,1,0,15,1896,105,5,45.6186185
15,4,2015,72253,1,1,0,15.96,2523,62.1,7,242.9589565
16,3,2016,46346,3,1,0,20.85,1197,83.14,5,470.0668425
8,5,2016,37000,3,1,0,17,1497,118,5,2400.863084
9,3,2019,56371,1,1,0,24,1186,73.97,5,471.9548834
25,10,2016,98500,1,1,0,25,1396,69.01,5,37.66752112
16,0,2015,71588,1,1,0,27.39,1248,74,5,253.6779995
16,0,2014,68000,3,1,0,24.7,796,47.3,5,13.64355051
17,9,2003,66800,3,0,2,11.2,2497,203,5,5058.38392
16,2,2016,90000,1,1,0,19.3,1248,73.9,5,139.8928962
20,6,2013,54000,1,1,0,20.45,1461,83.8,5,235.7488797
17,9,2011,87248,3,0,2,14.74,1991,184,5,5847.848013
16,10,2017,9052,3,1,0,23.1,998,67.04,5,59.64274455
9,4,2014,67320,3,1,0,17.92,1086,62.1,5,14.25641393
27,7,2018,28635,3,1,0,16.2,1199,74,5,355.0246607
15,7,2016,78904,1,1,0,15.96,2523,62.1,7,971.6263598
1,7,2018,16409,1,0,0,14.69,2993,258,5,2.58E+22
8,4,2012,61180,3,1,2,16.8,1497,116.3,5,122.9650908
9,4,2014,59577,3,1,2,18.5,1197,82.85,5,54.31255958
26,9,2016,24104,1,1,0,12.99,2494,100,8,263022.8522
1,9,2008,69000,1,0,3,16.73,2495,218,5,197796.6861
27,1,2015,35000,3,0,0,17.21,1197,103.6,5,1442.751192
19,0,2014,75000,1,0,0,13.5,2477,175.56,7,957900.2765
16,6,2014,98000,3,1,0,16.02,1373,93.7,7,242.4715262
0,2,2014,51843,1,0,3,17.68,1968,174.33,5,55464000077
16,6,2013,80000,1,1,2,23.4,1248,74,5,158.972192
26,10,2009,110000,1,1,3,11.5,2982,171,7,29230.43645
9,7,2015,75383,3,1,0,19.81,1086,68.05,5,48.40244911
15,7,2017,31861,1,0,0,18.49,1493,100,7,4079.602794
17,9,2011,57900,1,1,0,15.8,2148,170,5,35488.77834
16,4,2014,48000,1,1,0,19.3,1248,73.9,5,98.68348337
9,7,2015,33544,3,1,0,18.5,1197,82.85,5,218.642231
16,2,2015,65000,1,1,0,25.2,1248,74,5,155.0224645
26,3,2017,103189,1,1,0,13.68,2393,147.8,8,37958346.57
26,7,2017,35007,3,1,0,16.78,1496,88.73,5,2348.599107
26,10,2010,98000,1,1,0,21.43,1364,87.2,5,11.69235698
9,5,2017,25678,1,1,0,24,1186,73.97,5,572.0654881
16,3,2015,65636,1,1,0,21.79,1248,88.73,5,523.7909538
0,7,2015,21730,1,0,0,17.68,1968,174.33,5,2.59602E+12
8,2,2013,46112,3,1,0,18,1198,86.7,5,71.67518558
9,8,2015,20000,3,1,0,18.6,1197,81.83,5,139.1901899
15,5,2013,67000,1,1,0,15.1,2179,140,7,3410.816069
17,0,2016,29000,1,0,0,13,2143,204,5,1.27482E+14
9,10,2014,86000,1,1,0,24.8,1396,88.7,5,214.9398723
8,5,2013,34000,3,1,0,18,1198,86.7,5,37.82250095
0,1,2014,36000,1,0,0,17.11,1968,174.33,5,85775563912
9,9,2013,49000,3,1,0,20.36,1197,78.9,5,26.38512547
25,9,2017,7000,3,1,0,20.3,1199,84,5,221.5162205
9,8,2014,60188,1,1,0,24.4,1120,71,5,69.10541235
6,0,2012,79000,1,1,0,20,1399,68,5,25.5757727
26,2,2012,115439,1,1,2,12.99,2494,100,7,7404.661098
9,10,2011,104500,1,1,2,23,1396,90,5,40.09966621
17,4,2013,35000,1,0,0,13,2143,204,5,2332018409
9,3,2016,26186,1,1,0,19.67,1582,126.2,5,449547.9384
3,10,2012,58061,3,1,0,18,995,62,5,5.719407628
9,0,2011,62000,1,1,0,23,1396,90,5,32.91983681
16,9,2013,118000,1,1,2,23.4,1248,74,5,37.62887292
9,2,2009,65000,3,1,0,20.36,1197,78.9,5,15.77685067
9,5,2008,44379,3,1,0,17.92,1086,62.1,5,8.815865449
6,7,2017,61041,1,1,0,22.7,1498,89.84,5,4754.228364
6,1,2011,73000,1,1,2,17.8,1399,67,5,18.37531823
9,10,2016,57297,1,0,0,17.01,1582,126.2,5,182042.3273
9,5,2015,28700,3,1,2,15.29,1591,121.3,5,18957.3548
8,5,2013,85264,3,1,0,17,1497,118,5,299.36548
16,5,2017,20000,3,0,0,20.89,1197,81.8,5,1532.02778
8,5,2017,11934,3,0,0,18,1497,117.3,5,120329.8125
8,10,2010,83000,3,1,0,17,1497,118,5,29.41694943
6,5,2013,23000,3,1,0,15.3,1596,99.6,5,178.8278492
9,9,2017,14927,3,1,0,18.6,1197,81.83,5,469.5960111
26,5,2007,158000,3,1,2,13.4,1794,125,5,12.5447633
20,6,2011,111000,1,1,3,23.08,1461,63.1,5,24.91961453
16,5,2011,63528,3,1,0,19.7,796,46.3,5,9.381236563
16,6,2015,92000,1,1,0,26.21,1248,88.5,5,861.6421958
16,4,2017,41200,1,1,0,28.09,1248,88.5,5,5066.823258
15,3,2016,39052,1,1,0,15.1,2179,140,7,310517.8851
23,0,2014,55100,1,1,0,20.45,1461,83.8,5,144.1837236
9,0,2011,76958,3,1,0,17,1197,80,5,20.03105174
23,7,2015,70419,1,1,0,23.08,1461,63.12,5,51.56234559
16,9,2017,21000,3,0,0,20.51,998,67,5,67.92369341
1,4,2009,64000,3,0,0,7.94,4395,450,4,1.86525E+13
8,4,2011,63698,3,1,2,16.8,1497,116.3,5,36.52472316
25,3,2016,62715,1,1,0,23.03,1396,69,5,181.728236
8,3,2013,37922,3,1,2,19.4,1198,86.8,5,47.66694246
8,0,2016,52000,1,1,0,27.3,1498,98.6,5,1156.479413
17,2,2013,47000,1,0,0,20,2143,107.3,5,30159181.64
26,9,2009,64000,3,1,2,14.53,1798,138.1,5,29.02408822
8,5,2007,109000,3,1,2,13.5,1799,130,5,12.13131716
9,9,2015,19000,1,1,0,19.67,1582,126.2,5,69911.51824
0,0,2009,99000,3,0,2,9.74,1984,208,5,34890.55145
21,5,2005,50000,3,1,2,14.2,1389,88,5,2.174023418
26,10,2013,105000,1,0,2,12.55,2982,168.5,7,8368622.73
9,6,2016,24000,3,1,0,15.29,1591,121.3,5,29612.92592
27,3,2017,23389,1,1,0,21.66,1498,108.62,5,7185.790736
9,0,2009,90000,3,1,0,18.5,1197,80,5,14.64263188
0,4,2013,20000,1,0,0,17.68,1968,174.33,5,1703583822
9,6,2014,62269,1,1,0,24,1120,70,5,108.2894645
0,2,2015,69000,1,1,0,17.32,1968,138.13,5,8715.734824
1,7,2015,58898,1,0,0,14.69,2993,258,5,1.94E+16
16,3,2018,29110,1,0,0,26.59,1248,74,5,1863.969541
9,7,2019,34649,3,0,0,18.9,1197,81.86,5,773.3314408
8,8,2017,13000,1,1,0,26,1498,98.6,5,1292.361601
9,6,2015,25043,3,1,0,18.9,1197,81.86,5,215.1559202
8,3,2018,36611,3,0,0,19,1199,88.7,5,3868.962128
16,6,2008,150000,1,1,2,17.8,1248,75,5,10.4044086
16,0,2015,82000,3,1,0,22.5,998,67.04,5,27.41735358
16,7,2017,45158,1,1,2,28.09,1248,88.5,5,2539.204834
27,3,2016,36968,3,0,0,16.93,1197,103.2,5,2396.064158
16,3,2015,53556,3,1,0,20.4,1197,81.8,5,251.143911
24,1,2013,78500,1,0,0,20,1968,138.1,5,6746.990258
9,6,2017,133000,1,1,0,24.4,1120,71,5,75.09632713
9,3,2017,33186,1,1,0,19.67,1582,126.2,5,1276968.18
17,4,2012,65000,3,0,0,11.74,1796,186,5,77109.90583
16,3,2015,61903,1,1,0,22.9,1248,74,5,228.2928483
26,8,2011,25000,3,1,0,17.6,1496,88.73,5,18.37531823
9,3,2007,64168,3,0,0,17,1086,110.3804201,5,5.827782839
16,5,2017,8044,3,1,0,20.85,1197,83.14,5,472.4280748
0,1,2017,18000,1,0,0,13.22,2967,241.4,5,3.78E+20
8,9,2013,80000,3,1,0,16.8,1497,116.3,5,90.65211033
15,2,2016,45000,1,1,0,25.32,1198,77,5,536.0010232
15,9,2013,78835,1,1,2,14,2498,112,8,431.2482172
25,7,2017,30631,3,1,0,23.84,1199,84,5,354.668814
15,5,2011,72573,1,1,0,12.05,2179,120,8,317.3018034
26,4,2016,10000,1,0,0,11.36,2755,171.5,7,3060977051
16,9,2011,50215,3,1,0,18.9,998,67.1,5,9.298517986
16,8,2009,9999,3,1,0,16.1,796,37,4,1.989182683
8,10,2008,110000,3,1,2,13.5,1799,130,5,14.18032224
3,6,2013,81000,1,1,0,25.44,936,57.6,5,16.6900087
15,4,2016,11000,1,1,0,16.55,2498,105,6,1763832.282
25,8,2017,59000,3,1,0,17.57,1193,88.7,5,140.8826064
9,9,2015,8300,3,1,0,21.1,814,55.2,5,13.01320361
15,9,2016,40000,1,0,0,11.18,2696,184,7,3981800734
9,10,2016,83500,1,1,0,19.67,1582,126.2,5,27037.03886
25,8,2017,22000,1,1,0,22.95,1248,74,5,888.80292
3,9,2013,39000,3,1,0,13.7,1399,98.82,7,150.2599682
24,10,2013,90000,1,0,0,17.2,1968,138.1,5,6172.369018
9,10,2012,134487,1,1,0,21.9,1396,88.8,5,51.40489484
0,1,2014,65000,1,0,0,15.73,1968,174.33,5,6724342579
15,0,2015,48000,1,1,0,15.4,2179,120,7,23177.95421
1,1,2011,60000,1,0,0,13.2,1995,170,5,482626.3004
17,7,2015,23742,3,0,0,15.04,1991,360,5,1.62E+24
8,5,2010,60268,3,1,0,17,1497,118,5,35.05335772
16,5,2016,70746,1,1,0,24.3,1248,88.5,5,3086.138842
26,4,2014,61000,3,0,0,12.98,2494,178.4,5,3704280.979
16,10,2007,102000,1,1,0,17.8,1248,75,5,6.783452455
9,1,2016,25000,3,0,2,14.5,1797,147.4,5,1116823.558
23,4,2013,64000,1,1,0,20.46,1461,83.8,5,281.3083745
0,5,2010,78265,1,0,0,12.19,2967,236,5,7960480.134
16,10,2006,76560,3,1,3,15.9,1298,85,5,2.6729678
13,8,2017,10000,1,1,0,17.1,1956,170,5,104636185.4
8,9,2010,52000,3,0,0,16.8,1497,118,5,17.85918381
25,6,2018,45000,1,1,0,22.95,1248,74,5,408.1165178
16,7,2018,29562,3,1,0,21.4,1197,83.1,5,692.6725367
16,8,2014,32000,1,1,0,26.59,1248,74,5,73.29175674
27,3,2016,22003,3,1,0,16.2,1199,74,5,547.3972867
18,10,2017,2890,3,1,0,13.8,1998,192,5,1.67095E+13
19,9,2015,52000,1,0,0,13.5,2477,175.56,7,40924715154
8,10,2008,100000,3,1,2,17.7,1497,78,5,9.968198059
9,6,2013,60000,3,1,2,21.1,814,55.2,5,15.57673158
3,6,2010,6512,3,1,0,16,995,63,5,4.517914605
16,8,2008,39008,3,1,0,19.7,796,46.3,5,2.161352682
26,2,2003,136441,3,1,0,13.4,1794,125,5,12.92937612
9,8,2012,36200,3,1,0,17,1197,80,5,21.13145722
9,8,2015,32506,1,1,0,24.8,1396,88.7,5,444.8577701
3,10,2016,67000,3,1,0,13.7,1399,98.79,8,455.2313375
5,10,2011,59800,3,1,2,14.6,1368,88.7,5,16.37443721
15,3,2015,63008,1,1,0,15.1,2179,140,7,16497.09172
16,3,2018,57804,1,0,0,24.3,1248,88.5,5,14837.79034
26,8,2012,37212,3,1,0,18.3,1197,110.3804201,5,33.22649323
9,6,2015,65000,1,1,0,19.67,1582,126.2,5,28394.89865
9,3,2009,61259,3,1,0,17.92,1086,62.1,5,7.758284041
9,2,2010,50000,3,0,2,15,1396,100,5,16.46152694
9,9,2006,183513,1,1,2,14.9,1991,112.2,5,55.82634281
15,4,2015,66000,1,1,0,16,2179,140,7,57525.44304
0,7,2012,78979,1,0,0,18.53,1968,187.74,5,16159197.31
25,1,2016,30010,3,1,0,23.84,1199,84,5,405.6691681
17,7,2016,27508,1,0,0,20,2143,107.3,5,56232193.12
9,9,2014,28000,3,0,0,17.1,1591,121.4,5,492.7355253
17,9,2014,45000,1,0,0,19.27,2143,167.62,5,1304388257
1,7,2013,86107,3,0,0,8.45,2979,321,5,2.06E+18
14,5,2015,49000,1,0,2,12.7,2179,187.7,5,3.87602E+14
9,3,2018,32746,3,0,0,13,1591,121.3,5,2612974.06
27,9,2013,42758,3,0,0,16.93,1197,103.2,5,87.14648211
18,5,2013,50000,1,0,0,23.8,1998,112,5,61404887.06
28,3,2016,90904,1,0,0,9,1984,181,5,920106515.4
23,8,2012,52612,1,1,0,23.08,1461,63.12,5,63.39268244
8,8,2015,40000,3,1,0,18,1198,86.7,5,76.09203748
26,4,2012,80724,3,0,0,12.98,2494,178.4,5,89678.72578
16,5,2009,62659,3,1,0,19.7,796,46.3,5,4.989452466
24,7,2011,72734,3,0,2,14.67,1798,177.46,5,907.6863635
16,10,2015,15000,3,1,0,17.5,1373,91.1,7,507.2634929
0,1,2014,65475,1,0,0,16.55,1968,147.51,5,113919200.9
16,2,2012,71000,1,1,0,20.77,1248,88.76,7,408.1165178
17,1,2016,16000,1,0,0,19.27,2143,167.62,5,5.2592E+12
16,4,2011,72329,3,1,0,17.5,1197,85.8,5,22.85514697
17,3,2016,49398,1,0,0,17.9,2143,136,5,317186344.6
8,6,2016,44147,3,1,0,17.8,1497,117.3,5,2851.639543
16,0,2007,45000,3,1,0,19.7,796,46.3,5,4.953623346
26,4,2011,75000,1,1,0,11.5,2982,171,7,55769.48133
1,3,2017,22574,1,0,0,21.76,1995,190,5,2.07347E+15
9,7,2016,26642,3,1,0,18.6,1197,81.86,5,600.8450379
8,5,2013,81304,1,1,0,25.8,1498,98.6,5,75.17246152
27,8,2013,46000,1,1,0,15,1896,105,5,227.8347209
17,5,2007,99000,3,1,0,13,2987,210,5,6265.667543
9,10,2012,36317,3,1,0,21.1,814,55.2,5,7.231761288
16,10,2008,70000,3,1,0,18.2,998,67.1,5,5.533873809
9,5,2009,137711,1,1,0,16.8,1493,110,5,25.97741407
9,9,2018,18980,3,0,0,17,1591,121.3,5,298939.5491
9,9,2015,31293,3,1,0,18.6,1197,81.83,5,220.4064162
16,10,2004,43000,3,1,2,15.4,1590,94,5,1.843398524
8,0,2016,45000,1,1,0,27.3,1498,98.6,5,1425.529713
27,8,2012,53000,1,1,0,20.54,1598,103.6,5,29.87664275
9,10,2011,30000,3,1,0,19.81,1086,68.05,5,10.13396115
13,4,2017,13000,1,1,0,17.1,1956,170,5,353360732.1
23,4,2013,62000,1,1,0,19.01,1461,108.45,5,179.3681428
16,2,2012,35161,3,1,0,17.5,1298,85.8,5,71.9664685
16,6,2006,75000,3,1,0,19.7,796,46.3,5,3.157857843
25,3,2016,53590,3,0,0,21.9,624,37.48,4,30.28065952
9,2,2008,71467,3,1,0,19.81,1086,68.05,5,6.515743847
16,7,2011,66287,3,1,0,19.7,796,46.3,5,8.06118585
6,6,2012,85000,1,1,2,20,1399,68,5,20.28494467
14,5,2012,147202,1,0,0,11.8,2993,241.6,7,5.53438E+12
8,3,2016,72566,1,1,0,26,1498,98.6,5,890.5843066
16,10,2015,190000,1,1,0,23.2,1248,73.94,5,32.48173278
9,4,2017,25348,3,1,0,18.9,1197,81.86,5,683.7131559
9,4,2014,54000,3,0,0,18.9,1197,82,5,62.4340003
9,1,2015,33000,3,1,0,18.6,1197,81.83,5,293.4178451
1,4,2011,58067,1,0,0,18.48,1995,177,5,114919.9753
17,3,2015,43020,1,0,0,13,2143,201.1,5,25450468794
26,5,2014,27641,1,1,0,12.99,2494,100,7,113095.8715
16,5,2016,46372,1,1,0,26.59,1248,74,5,668.1444794
16,7,2016,27535,3,1,0,24.07,998,67.1,5,26.38512547
1,7,2016,55615,1,0,0,22.48,1995,190,5,69389403119
16,6,2017,19000,1,1,0,24.3,1248,88.5,5,10709.71584
9,8,2010,47000,3,1,0,16.2,1599,103.2,5,9.548672261
8,4,2015,60595,3,1,0,17.4,1497,117.3,5,1297.545408
25,5,2013,170000,1,1,0,22.3,1248,74,5,16.5490532
9,4,2017,14301,1,1,0,21.19,1396,88.73,5,1426.956957
0,7,2015,42741,1,0,2,17.68,1968,174.33,5,2.21348E+11
1,4,2015,31000,1,0,2,15.97,2993,258,5,5.30E+21
9,4,2017,11000,3,1,0,15.29,1591,121.3,5,560171.4714
16,9,2018,3800,1,0,0,24.3,1248,88.5,5,11753.6008
6,3,2009,44702,3,1,0,16.6,1388,68,5,15.70987731
16,4,2017,14300,1,0,0,28.4,1248,73.75,5,3438.220067
8,3,2018,31542,3,1,0,17.4,1497,117.3,5,148003.8023
16,2,2015,31717,3,0,0,23.1,998,67.04,5,43.88034732
3,7,2011,99120,1,1,0,11.5,1991,147.9,7,376.2846718
4,2,2016,36000,3,1,0,19.83,1198,67,5,30.34328345
24,4,2010,40000,3,1,0,13.1,1798,157.8,5,322.7591904
9,0,2014,41000,3,1,0,0,1086,62,5,14.02927551
15,2,2007,160000,1,1,2,19.2,1461,65,5,6.279047385
25,10,2016,41413,1,1,0,27.28,1047,69,5,40.47123274
27,9,2011,67500,3,0,2,14.4,1598,103.6,5,43.212166
9,10,2014,30315,3,1,0,18.6,1197,81.83,5,62.4340003
6,7,2017,39015,3,1,0,17,1497,121.36,5,9787.857226
13,9,2018,6000,3,1,0,16,1368,160,5,9248758.57
0,1,2014,21143,1,0,0,16.55,1968,147.51,5,2176535000
9,7,2013,42203,3,1,0,17.1,1591,121.3,5,173.1644556
16,7,2017,21380,1,1,0,24.3,1248,88.5,5,11091.22842
9,7,2018,23955,3,1,0,18.6,1197,81.86,5,938.173281
8,8,2013,38568,1,1,0,25.8,1498,98.6,5,28.81465347
0,5,2011,64000,1,0,0,16.55,1968,147.51,5,783086.7205
8,5,2014,57000,3,0,0,15.5,1198,86.7,5,116.919242
8,3,2017,44556,1,1,0,27.3,1498,98.6,5,16480.60188
1,4,2012,80000,1,0,0,16.73,2993,218,5,35048547192
9,8,2015,39000,3,1,0,18.9,1197,82,5,62.75196455
23,2,2015,70000,1,1,0,19.87,1461,83.8,5,203.7930588
3,10,2009,45463,3,1,0,14.49,1399,92.7,5,4.227849458
8,7,2015,44776,3,1,0,18,1198,86.7,5,157.8562968
9,3,2016,18242,3,0,0,18.9,1197,82,5,270.5102794
9,3,2015,21190,3,1,0,21.1,814,55.2,5,19.59400471
27,5,2011,89411,1,1,0,20.54,1598,103.6,5,85.05615085
27,9,2015,59000,3,0,0,17.21,1197,103.6,5,621.6596118
20,8,2012,28000,1,1,0,23.08,1461,63.1,5,20.41303824
27,10,2013,52262,3,0,3,17.2,1197,103.6,5,66.62650554
17,7,2014,72443,1,0,0,10,2148,170,5,3929409.608
